feature,importance
CREDIT_TERM,561.0
EXT_SOURCE_MEAN,357.6
POS_PROGRESS_MEAN,304.2
AMT_ANNUITY,270.0
PREV_CNT_PAYMENT_MEAN,263.8
EXT_SOURCE_2,260.8
CREDIT_GOODS_RATIO,259.8
PREV_DAYS_DECISION_MEAN,248.0
DAYS_BIRTH,247.8
EXT_SOURCE_3,245.2
DAYS_LAST_PHONE_CHANGE,244.8
EXT_SOURCE_2_3,243.6
BUREAU_DAYS_CREDIT_MEAN,228.8
AGE_YEARS,227.2
ANNUITY_INCOME_RATIO,215.6
PREV_ANNUITY_MEAN,214.6
BUREAU_CREDIT_SUM_MAX,211.4
POS_COUNT,209.8
BUREAU_UTIL_MAX,209.6
REGION_POPULATION_RELATIVE,206.2
INST_RECENT_PAY_RATIO_6M,192.4
EXT_SOURCE_2_AGE,189.6
AMT_CREDIT,188.0
INST_COUNT,184.6
AMT_GOODS_PRICE,183.0
PREV_CREDIT_MAX,182.8
INST_PAYMENT_RATIO_MIN,180.4
BUREAU_CREDIT_SUM_MEAN,179.0
CREDIT_INCOME_RATIO,177.4
INST_PAYMENT_RATIO_MEAN,176.4
PREV_CREDIT_APP_RATIO,176.2
BUREAU_DAYS_CREDIT_MAX,173.8
DAYS_REGISTRATION,173.4
PREV_DOWN_PAY_RATIO,172.8
DAYS_ID_PUBLISH,172.4
INST_DBD_MEAN,170.4
EXT_SOURCE_1,167.2
EMPLOYED_EXT2_CROSS,160.4
EXT_SOURCE_1_2,153.6
EXT_SOURCE_STD,152.8
DAYS_EMPLOYED,152.0
EMPLOYED_TO_AGE_RATIO,146.0
BUREAU_MAX_OVERDUE,145.8
INCOME_PER_PERSON,143.8
BUREAU_UTIL_MEAN,142.4
DAYS_ID_PUBLISH_YEARS,139.4
DAYS_REGISTRATION_YEARS,138.8
PREV_APP_MEAN,138.0
EXT_SOURCE_1_3,138.0
ORGANIZATION_TYPE,134.8
INST_LATE_RATE,131.8
EXT_SOURCE_PROD,131.0
AMT_INCOME_TOTAL,112.2
INST_DPD_MEAN,111.2
BUREAU_DEBT_INCOME_RATIO,108.6
OWN_CAR_AGE,104.6
REFUSED_RATE_CREDIT_CROSS,103.2
BUREAU_DEBT_MEAN,102.8
OCCUPATION_TYPE,100.8
PREV_CREDIT_MEAN,99.8
BUREAU_DEBT_SUM,99.6
INST_PAYMENT_DIFF_MEAN,98.2
HOUR_APPR_PROCESS_START,96.2
DAYS_EMPLOYED_YEARS,94.4
INST_PAYMENT_DIFF_SUM,91.4
BUREAU_COUNT,90.0
CC_UTILIZATION_MAX,87.4
NAME_FAMILY_STATUS,84.4
CC_COUNT,81.6
INST_DPD_MAX,81.2
BUREAU_ACTIVE_RATE,78.6
NAME_EDUCATION_TYPE,77.8
CODE_GENDER,75.4
PREV_REFUSED_RATE,75.0
PREV_APPROVED_RATE,75.0
CC_LIMIT_MEAN,73.8
WEEKDAY_APPR_PROCESS_START,73.4
BUREAU_BB_DPD_RATE_MEAN,71.4
CC_DRAWINGS_MEAN,71.2
BUREAU_ACTIVE_COUNT,70.0
POS_IS_DPD_DEF_RATE,68.8
PREV_COUNT,65.2
DOCUMENT_COUNT,65.0
CC_PAYMENT_RATIO_MEAN,64.6
CC_UTILIZATION_MEAN,64.4
INST_UNDERPAY_RATE,63.8
PREV_APPROVED_COUNT,62.6
CC_BALANCE_MAX,61.0
TOTALAREA_MODE,60.2
INST_DPD_TREND,55.8
BASEMENTAREA_MODE,55.2
INST_RECENT_DPD_MEAN_6M,55.0
REGION_RATING_CLIENT_W_CITY,53.8
POS_MONTHS_COUNT,52.8
INST_DPD_SUM,52.0
LANDAREA_MODE,49.4
LANDAREA_AVG,48.4
NONLIVINGAREA_AVG,47.8
YEARS_BEGINEXPLUATATION_MODE,47.6
NONLIVINGAREA_MODE,45.4
INST_LATE_TREND,45.4
YEARS_BEGINEXPLUATATION_AVG,45.0
APARTMENTS_MODE,44.0
NAME_INCOME_TYPE,43.8
LIVINGAREA_MODE,43.0
YEARS_BEGINEXPLUATATION_MEDI,42.6
INST_LATE_COUNT,42.2
CC_MIN_PAY_RATIO_MEAN,42.0
POS_IS_DPD_RATE,41.8
AMT_REQ_CREDIT_BUREAU_QRT,41.2
OBS_30_CNT_SOCIAL_CIRCLE,40.0
FLAG_WORK_PHONE,39.8
BASEMENTAREA_AVG,39.6
FLAG_DOCUMENT_3,39.2
NONLIVINGAREA_MEDI,38.8
FLAG_OWN_CAR,38.4
COMMONAREA_MODE,37.8
OBS_60_CNT_SOCIAL_CIRCLE,37.6
LIVINGAREA_AVG,37.4
LANDAREA_MEDI,37.0
BUREAU_OVERDUE_MEAN,36.8
SOCIAL_CIRCLE_DEF_RATE_30,36.8
AMT_REQ_CREDIT_BUREAU_YEAR,36.4
COMMONAREA_AVG,35.8
BASEMENTAREA_MEDI,35.8
APARTMENTS_AVG,35.6
POS_DPD_MAX,35.4
POS_DPD_MEAN,35.0
CC_BALANCE_MEAN,34.8
LIVINGAPARTMENTS_AVG,34.0
COMMONAREA_MEDI,33.4
CNT_FAM_MEMBERS,33.4
APARTMENTS_MEDI,30.8
ENTRANCES_AVG,30.6
PREV_CANCELED_COUNT,30.6
LIVINGAREA_MEDI,30.0
YEARS_BUILD_MODE,29.8
LIVINGAPARTMENTS_MODE,27.8
FLOORSMAX_AVG,27.4
NAME_TYPE_SUITE,27.2
LIVINGAPARTMENTS_MEDI,26.8
INST_RECENT_LATE_RATE_6M,26.6
CC_IS_DPD_RATE,26.0
YEARS_BUILD_AVG,25.6
FLOORSMIN_AVG,24.8
BUREAU_BB_DPD_COUNT_SUM,24.6
NAME_HOUSING_TYPE,23.6
REG_CITY_NOT_LIVE_CITY,23.4
SOCIAL_CIRCLE_DEF_RATE_60,22.8
PREV_REFUSED_COUNT,22.6
YEARS_BUILD_MEDI,22.6
CC_UTIL_BUREAU_DPD_CROSS,21.8
WALLSMATERIAL_MODE,21.4
ENTRANCES_MODE,21.4
NONLIVINGAPARTMENTS_AVG,20.8
AMT_REQ_CREDIT_BUREAU_MON,19.6
CONTACT_COUNT,18.4
DEF_30_CNT_SOCIAL_CIRCLE,18.0
CC_DPD_MEAN,17.6
FLAG_PHONE,16.8
REGION_RATING_CLIENT,16.4
CNT_CHILDREN,15.6
ELEVATORS_AVG,15.2
NONLIVINGAPARTMENTS_MODE,14.2
NONLIVINGAPARTMENTS_MEDI,13.6
ENTRANCES_MEDI,13.4
FONDKAPREMONT_MODE,13.2
DEF_60_CNT_SOCIAL_CIRCLE,13.0
BUREAU_BB_STATUS_MAX,12.6
FLOORSMIN_MODE,11.4
NAME_CONTRACT_TYPE,11.0
BUREAU_PROLONG_SUM,11.0
CC_DPD_MAX,11.0
FLOORSMAX_MODE,10.8
FLOORSMAX_MEDI,10.8
ELEVATORS_MEDI,8.6
FLAG_OWN_REALTY,8.4
LIVE_CITY_NOT_WORK_CITY,8.2
AMT_REQ_CREDIT_BUREAU_WEEK,8.0
FLAG_DOCUMENT_8,8.0
ELEVATORS_MODE,7.8
REG_CITY_NOT_WORK_CITY,6.8
FLAG_DOCUMENT_18,6.6
FLOORSMIN_MEDI,6.6
FLAG_DOCUMENT_11,6.4
FLAG_DOCUMENT_13,5.8
FLAG_EMAIL,5.4
REG_REGION_NOT_LIVE_REGION,5.2
HOUSETYPE_MODE,4.8
AMT_REQ_CREDIT_BUREAU_DAY,3.0
FLAG_DOCUMENT_6,2.8
LIVE_REGION_NOT_WORK_REGION,2.6
FLAG_DOCUMENT_16,2.6
REG_REGION_NOT_WORK_REGION,2.0
EMERGENCYSTATE_MODE,1.8
AMT_REQ_CREDIT_BUREAU_HOUR,1.6
FLAG_DOCUMENT_5,1.6
FLAG_DOCUMENT_14,1.6
FLAG_DOCUMENT_15,0.6
FLAG_EMP_PHONE,0.6
FLAG_DOCUMENT_19,0.4
FLAG_DOCUMENT_9,0.4
FLAG_DOCUMENT_2,0.0
FLAG_DOCUMENT_17,0.0
FLAG_CONT_MOBILE,0.0
FLAG_DOCUMENT_21,0.0
FLAG_DOCUMENT_4,0.0
FLAG_DOCUMENT_7,0.0
FLAG_DOCUMENT_12,0.0
FLAG_MOBIL,0.0
FLAG_DOCUMENT_10,0.0
FLAG_DOCUMENT_20,0.0
